212		きれい	na-adj	pretty, clean, nice, tidy	adjective01	kirei
594	古い	ふるい	adj	old (not person), aged, ancient	adjective01	furui
100	大きい	おおきい	adj	big	adjective01	ookii
403	小さい	ちいさい	adj	small, little	adjective01	chiisai
727	悪い	わるい	adj	bad, inferior	adjective01	warui
21	新しい	あたらしい	adj	new	adjective01	atarashii
548	早い	はやい	adj	early	adjective01	hayai
720	若い	わかい	adj	young	adjective01	wakai
549	速い	はやい	adj	quick, fast	adjective01	hayai
115	遅い	おそい	adj	late, slow	adjective01	osoi
45		いい/よい	adj	good	adjective01	iiyoi
86		うるさい	adj	noisy, loud, annoying	adjective01	urusai
101	大きな	おおきな	na-adj	big	adjective01	ookina
404	小さな	ちいさな	na-adj	small, little	adjective01	chiisana
299	静か	しずか	na-adj	quiet, peaceful	adjective01	shizuka
377	大好き	だいすき	na-adj, n	very likeable, like very much	adjective01	daisuki
332	好き	すき	na-adj, n	liking, fondness, love	adjective01	suki
209	嫌い	きらい	na-adj, n	dislike, hate	adjective01	kirai
35	危ない	あぶない	adj	dangerous, critical, watch out!	adjective02	abunai
701	弱い	よわい	adj	weak, feable	adjective02	yowai
427	強い	つよい	adj	strong, powerful	adjective02	tsuyoi
183	軽い	かるい	adj	light, non-serious, minor	adjective02	karui
456	遠い	とおい	adj	far, distant	adjective02	tooi
135	重い	おもい	adj	heavy	adjective02	omoi
382	高い	たかい	adj	tall, high	adjective02	takai
136		おもしろい	adj	interesting, amusing	adjective02	omoshiroi
425		つまらない	adj	insignificant, boring	adjective02	tsumaranai
405	近い	ちかい	adj, suf	near, close by, short	adjective02	chikai
376	大丈夫	だいじょうぶ	na-adj, adv, n	safe, all right, O.K.	adjective02	daijiyoubu
321	丈夫	じょうぶ	na-adj, n	strong, solid, durable	adjective02	jiyoubu
639	丸い/円い	まるい	adj	round, circular	adjective03	marui
566	低い	ひくい	adj	short, low	adjective03	hikui
591	太い	ふとい	adj	fat, thick	adjective03	futoi
352	狭い	せまい	adj	narrow, confined, small	adjective03	semai
644	短い	みじかい	adj	short	adjective03	mijikai
614	細い	ほそい	adj	thin, slender, fine	adjective03	hosoi
79	薄い	うすい	adj	thin, weak	adjective03	usui
484	長い	ながい	adj	long	adjective03	nagai
320	上手	じょうず	na-adj, n	skill, skillful, dexterity	adjective03	jiyouzu
599	下手	へた	na-adj, n	unskillful, poor	adjective03	heta
580	広い	ひろい	adj	spacious, wide	adjective04	hiroi
392	楽しい	たのしい	adj	enjoyable, fun	adjective04	tanoshii
188		かわいい	adj	cute, charming	adjective04	kawaii
690		ゆっくり・と	adv, n	slowly, at ease	adjective04	yukkurito
347	背	せい	n	height, stature	adjective04	sei
381		たいへん	na-adj, adv, n	difficult situation, tough situation	adjective04	taihen
606	便利	べんり	na-adj, n	convenient, handy	adjective04	benri
378	大切	たいせつ	na-adj, n	important	adjective04	taisetsu
70	嫌	いや	na-adj, n	disagreeable, no	adjective04	iya
688	有名	ゆうめい	na-adj, n	famous	adjective04	yuumei
502		にぎやか	na-adj, n	bustling, busy	adjective04	nigiyaka
707		りっぱ	na-adj, n	splendid, fine	adjective04	rippa
238	結構	けっこう	na-adj, n-adv, n	nice, enough	adjective04	kekkou
426	冷たい	つめたい	adj	cold (to the touch)	adjective05	tsumetai
25	厚い	あつい	adj	kind, warm(hearted), thick, deep	adjective05	atsui
19	暖かい	あたたかい	adj	warm, mild	adjective05	atatakai
337	涼しい	すずしい	adj	cool, refreshing	adjective05	suzushii
512	温い	ぬるい	adj	lukewarm	adjective05	nurui
24	熱い	あつい	adj	hot (thing)	adjective05	atsui
179	辛い	からい	adj	spicy, salty	adjective05	karai
98		おいしい	adj	delicious, tasty	adjective05	oishii
631		まずい	adj	unappetising, unpleasant (taste)	adjective05	mazui
36	甘い	あまい	adj, expr	generous, sweet	adjective05	amai
180	体	からだ	n	body	body	karada
221	口	くち	n	mouth, orifice, opening	body	kuchi
428	手	て	n	hand	body	te
522	歯	は	n	tooth	body	ha
662	目	め	n	eye, eyeball	body	me
654	耳	みみ	n	ear	body	mimi
15	足	あし	n	foot, leg	body	ashi
20	頭	あたま	n	head	body	atama
153	顔	かお	n	face (person)	body	kao
544	鼻	はな	n	nose	body	hana
125		おなか	n	stomach	body	onaka
357	先生	せんせい	n	teacher, master, doctor	classroom	sensei
206	教室	きょうしつ	n	classroom	classroom	kyoushitsu
421	机	つくえ	n	desk	classroom	tsukue
229		クラス	n	class	classroom	kurasu
318	授業	じゅぎょう	n, vs	lesson, class work	classroom	jiyugyou
436		テスト	n, vs	test	classroom	tesuto
113	教える	おしえる	ru-v	to teach, to inform	classroom	oshieru
393	頼む	たのむ	u-v	to request, to ask	classroom	tanomu
87	上着	うわぎ	n	coat, jacket	clothes	uwagi
692	洋服	ようふく	n	Western-style clothes	clothes	youfuku
351	背広	せびろ	n	business suit	clothes	sebiro
222	靴	くつ	n	shoes, footwear	clothes	kutsu
223	靴下	くつした	n	socks	clothes	kutsushita
251		コート	n	coat	clothes	ko_to
313		シャツ	n	shirt, singlet	clothes	shatsu
331		スカート	n	skirt	clothes	suka_to
342		ズボン	n	trousers (fr: jupon)	clothes	zubon
344		スリッパ	n	slippers	clothes	surippa
349		セーター	n	sweater, jumper	clothes	se_ta_
719		ワイシャツ	n	shirt (lit: white shirt), business shirt	clothes	waishatsu
586	服	ふく	n, n-suf	clothes	clothes	fuku
211	着る	きる	ru-v	to wear, to put on (from shoulders down)	clothes	kiru
310	締める	しめる	ru-v	to tie, to fasten	clothes	shimeru
159		かける	ru-v	to put on (eg glasses)	clothes	kakeru
511	脱ぐ	ぬぐ	u-v	to take off clothes	clothes	nugu
175		かぶる	u-v	to wear, to put on (head)	clothes	kaburu
529		はく	u-v	to wear, to put on (trousers)	clothes	haku
608	帽子	ぼうし	n	hat	clothes complements	boushi
664	眼鏡	めがね	n	spectacles, glasses	clothes complements	megane
277	財布	さいふ	n	wallet	clothes complements	saifu
173		かばん	n	bag, basket	clothes complements	kaban
513		ネクタイ	n	tie, necktie	clothes complements	nekutai
558		ハンカチ	n	handkerchief	clothes complements	hankachi
611		ポケット	n	pocket	clothes complements	poketto
615		ボタン	n	button	clothes complements	botan
7	明るい	あかるい	adj	bright, cheerful	color	akarui
227	暗い	くらい	adj	dark, gloomy	color	kurai
326	白い	しろい	adj	white	color	shiroi
6	赤い	あかい	adj	red	color	akai
4	青い	あおい	adj	blue	color	aoi
192	黄色い	きいろい	adj	yellow	color	kiiroi
234	黒い	くろい	adj	black	color	kuroi
325	白	しろ	n	white	color	shiro
651	緑	みどり	n	green	color	midori
75	色	いろ	n	colour	color	iro
411	茶色	ちゃいろ	n	brown	color	chairo
5	赤	あか	n	red	color	aka
3	青	あお	n	blue	color	ao
191	黄色	きいろ	n	yellow	color	kiiro
233	黒	くろ	n	black	color	kuro
283	～冊	～さつ	n	counter for books	counter	satsu
143	～回	～かい	n	counter for occurrences	counter	kai
525	～杯	～はい	n	counter for cupfuls	counter	hai
144	～階	～かい	n	counter for storeys of a building	counter	kai
447	～度	～ど	n-suf	counter for occurrences	counter	do
327	～人	～にん	n, suf	counter for people	counter	nin
243	～個	～こ	n, suf	counter for small items	counter	ko
373	～台	～だい	suf	counter for vehicles/machines	counter	dai
510	～人	～にん		counter for people	counter	nin
563	～匹	～ひき		counter for small animals	counter	hiki
618	～本	～ほん		counter for long cylindrical things	counter	hon
621	～枚	～まい		counter for flat things	counter	mai
645	水	みず	n	water	drink	mizu
204	牛乳	ぎゅうにゅう	n	milk	drink	gyuuniyuu
285	砂糖	さとう	n	sugar	drink	satou
248	紅茶	こうちゃ	n	black tea	drink	koucha
519	飲み物	のみもの	n	drink, beverage	drink	nomimono
170		カップ	n	cup	drink	kappu
252		コーヒー	n	coffee	drink	ko_hi_
261		コップ	n	cup	drink	koppu
520	飲む	のむ	u-v	to drink	drink	nomu
109	お酒	おさけ	n	alcohol, sake (rice wine)	drink	osake
452		どうぞ	adv	please, kindly, by all means	etiquette	douzo
454		どうも	adv, int	thanks, very	etiquette	doumo
668		もしもし	conj, int	hello (on phone)	etiquette	moshimoshi
219		ください	kana only	(with te-form verb) please do for me	etiquette	kudasai
97		お～	prefix	honourable ～ (honorific)	etiquette	o
288		～さん	suf	Mr or Mrs	etiquette	san
698	呼ぶ	よぶ	u-v	to call out, to invite	etiquette	yobu
239	結婚	けっこん（する）	adj-no, n, vs	marriage	family	kekkonsuru
709	両親	りょうしん	n	parents, both parents	family	ryoushin
129	伯母さん/叔母さん	おばさん	n	aunt	family	obasan
111	伯父/叔父・さん	おじ・さん	n	uncle, middle aged man	family	ojisan
29	兄	あに	n	(hum) older brother	family	ani
207	兄弟	きょうだい	n	siblings (brothers and sisters)	family	kyoudai
69	妹	いもうと	n	younger sister	family	imouto
30	姉	あね	n	(hum) older sister	family	ane
264	子供	こども	n	child, children	family	kodomo
166	家族	かぞく	n	family	family	kazoku
119	弟	おとうと	n	younger brother	family	otouto
547	母	はは	n	(one's own) mother	family	haha
410	父	ちち	n	(one's own) father	family	chichi
112		おじいさん	n	grandfather, male senior citizen	family	ojiisan
130		おばあさん	n	grandmother, female senior-citizen	family	obaasan
83	生まれる	うまれる	ru-v	to be born	family	umareru
127	お兄さん	おにいさん	n	(hon) older brother	family honorific	oniisan
128	お姉さん	おねえさん	n	(hon) older sister	family honorific	oneesan
103	お母さん	おかあさん	n	(hon) mother	family honorific	okaasan
118	お父さん	おとうさん	n	(hon) father	family honorific	otousan
108	奥さん	おくさん	n	(hon) wife	family honorific	okusan
132	お弁当	おべんとう	n	boxed lunch	food	obentou
110	お皿	おさら	n	plate, dish	food	osara
116	お茶	おちゃ	n	tea (green)	food	ocha
104	お菓子	おかし	n	confections, sweets, candy	food	okashi
396	食べ物	たべもの	n	food	food	tabemono
39	飴	あめ	n	(hard) candy, toffee	food	ame
532		はし	n	chopsticks	food	hashi
715		レストラン	n	restaurant	food	resutoran
397	食べる	たべる	ru-v	to eat	food	taberu
210	切る	きる	suf, u-v	to cut, to chop	food	kiru
476	とり肉	とりにく	n	chicken meat	food ingredients	toriniku
398	卵	たまご	n	egg(s)	food ingredients	tamago
293	塩	しお	n	salt	food ingredients	shio
220	果物	くだもの	n	fruit	food ingredients	kudamono
203	牛肉	ぎゅうにく	n	beef	food ingredients	gyuuniku
503	肉	にく	n	meat	food ingredients	niku
588	豚肉	ぶたにく	n	pork	food ingredients	butaniku
676	野菜	やさい	n	vegetable	food ingredients	yasai
278	魚	さかな	n	fish	food ingredients	sakana
184		カレー	n	curry	food ingredients	kare_
322		しょうゆ	n	soy sauce	food ingredients	shouyu
538		バター	n	butter	food ingredients	bata_
557		パン	n	bread	food ingredients	pan
57	痛い	いたい	adj	painful	health	itai
576	病気	びょうき	n	illness, disease, sickness	health	byouki
164	風邪	かぜ	n	cold, illness	health	kaze
242	元気	げんき	na-adj, n	health	health	genki
330	吸う	すう	u-v	to smoke, to breathe in, to suck	health	suu
305	死ぬ	しぬ	v5n	to die	health	shinu
171	家庭	かてい	n	home, household	home	katei
172	角	かど	n	corner (e.g. desk)	home	kado
82		うち	n	house (one's own)	home	uchi
155		かぎ	n	key/s	home	kagi
48	家	いえ	suf	house, family	home	ie
361	掃除	そうじ（する）	n, vs	cleaning, sweeping	home activity	soujisuru
358	洗濯	せんたく	n, vs	washing, laundry	home activity	sentaku
515	寝る	ねる	ru-v	to go to bed, to sleep	home activity	neru
106	起きる	おきる	ru-v	to get up, to rise	home activity	okiru
34		あびる	ru-v	to bathe, to shower	home activity	abiru
160		かける	ru-v	to dial/call (eg phone)	home activity	kakeru
40	洗う	あらう	u-v	to wash	home activity	arau
642	磨く	みがく	u-v	to brush (teeth)	home activity	migaku
713	冷蔵庫	れいぞうこ	n	refrigerator	home furniture	reizouko
460	時計	とけい	n	watch, clock	home furniture	tokei
619	本棚	ほんだな	n	bookshelves	home furniture	hondana
55		いす	n	chair	home furniture	isu
339		ストーブ	n	heater (lit: stove)	home furniture	suto_bu
431		テーブル	n	table	home furniture	te_buru
131	お風呂	おふろ	n	bath	home hygiene	ofuro
350	石鹸	せっけん	n	soap	home hygiene	sekken
314		シャワー	n	shower	home hygiene	shawa_
449		トイレ	n	toilet	home hygiene	toire
595		ふろ	n	bath	home hygiene	furo
600		ベッド	n	bed	home hygiene	beddo
117	お手洗い	おてあらい		toilet, lavatory, bathroom	home hygiene	otearai
197	汚い	きたない	adj	dirty, messy	home room	kitanai
379	台所	だいどころ	n	kitchen	home room	daidokoro
717	廊下	ろうか	n	corridor	home room	rouka
446	戸	と	n	door (Japanese style)	home room	to
638	窓	まど	n	window	home room	mado
602	部屋	へや	n	room	home room	heya
148	階段	かいだん	n	stairs	home room	kaidan
448		ドア	n	door (Western style)	home room	doa
66	犬	いぬ	n	dog	home things	inu
312	写真	しゃしん	n	photograph	home things	shashin
526	灰皿	はいざら	n	ashtray	home things	haizara
514	猫	ねこ	n	cat	home things	neko
530	箱	はこ	n	box	home things	hako
174	花瓶	かびん	n	(flower) vase	home things	kabin
443	電気	でんき	n	electricity, (electric) light	home things	denki
185		カレンダー	n	calendar	home things	karenda_
394		たばこ	n	tobacco, cigarettes	home things	tabako
601		ペット	n	pet	home things	petto
637		マッチ	n	match	home things	macchi
88	絵	え	n, n-suf	picture, drawing, painting, sketch	home things	e
80	歌	うた	n	song	leisure	uta
140	音楽	おんがく	n	music	leisure	ongaku
196		ギター	n	guitar	leisure	gita_
341		スポーツ	n	sport	leisure	supo_tsu
523		パーティー	n	party	leisure	pa_tei_
565	弾く	ひく	u-v	to play (piano,  guitar)	leisure	hiku
81	歌う	うたう	u-v	to sing	leisure	utau
137	泳ぐ	およぐ	u-v	to swim	leisure	oyogu
18	遊ぶ	あそぶ	u-v	to play, to enjoy oneself	leisure	asobu
#	Kanji	Kana	Type	Definition/s	lesson	kana
685	夕飯	ゆうはん	n	dinner	meal	yuuhan
266	御飯	ごはん	n	rice (cooked), meal	meal	gohan
579	昼御飯	ひるごはん	n	lunch, midday meal	meal	hirugohan
560	晩御飯	ばんごはん	n	dinner, evening meal	meal	bangohan
13	朝御飯	あさごはん	n	breakfast	meal	asagohan
340		スプーン	n	spoon	meal	supu_n
412		ちゃわん	n	rice bowl	meal	chawan
482		ナイフ	n	knife	meal	naifu
584		フォーク	n	fork	meal	fuo_ku
710	料理	りょうり	n, vs	cooking, cuisine	meal	ryouri
230		グラム	n	gram	measure	guramu
390		たて	n	length, height	measure	tate
663		メートル	n	metre, meter	measure	me_toru
213		キロ/キログラム	n, pref	kilo (kilogram)	measure	kirokiroguramu
214		キロ/キロメートル	n, pref	kilo (kilometre)	measure	kirokirome_toru
328	新聞	しんぶん	n	newspaper	media	shinbun
89	映画	えいが	n	movie, film	media	eiga
90	映画館	えいがかん	n	movie theatre (theater), cinema	media	eigakan
284	雑誌	ざっし	n	magazine	media	zatsushi
177		カメラ	n	camera	media	kamera
429		テープ	n	tape	media	te_pu
430		テープレコーダー	n	tape recorder	media	te_pureko_da_
441		テレビ	n	television, TV	media	terebi
508		ニュース	n	news	media	niyu_su
705		ラジオ	n	radio	media	rajio
706		ラジカセ	n	radio cassette player	media	rajikase
714		レコード	n	record	media	reko_do
445	電話	でんわ	n, vs	telephone	media	denwa
647	見せる	みせる	ru-v	to show, to display	media	miseru
655	見る	みる	ru-v	to see, to watch	media	miru
478	撮る	とる	u-v	to take (a photo)	media	toru
194	聞く	きく	u-v	to hear, to listen, to ask	media	kiku
699	読む	よむ	u-v	to read	media	yomu
724	私	わたくし	adj-no, n	I, myself	misc01	watakushi
723	私	わたし	adj-no, n	I, myself	misc01	watashi
63	一緒	いっしょ	adv, n	together	misc01	itsusho
534	初め/始め	はじめ	expr	beginning, start	misc01	hajime
493	何	なん/なに	int, n	what	misc01	nannani
224	国	くに	n	country	misc01	kuni
409	地図	ちず	n	map	misc01	chizu
250	声	こえ	n	voice	misc01	koe
307	自分	じぶん	n	myself, oneself	misc01	jibun
28		あなた	n	you	misc01	anata
359	全部	ぜんぶ	n-adv, n-t	all, entire, whole	misc01	zenbu
554	半	はん	n-adv, n, n-suf	half	misc01	han
187	側	～がわ	n-suf	～ side	misc01	gawa
126	同じ	おなじ	na-adj, n	same, identical, similar	misc01	onaji
500	何～	なん～		what sort of ～	misc01	nan
561	半分	はんぶん		half	misc01	hanbun
612	欲しい	ほしい	adj	want, in need of, desire	misc02	hoshii
336	少し	すこし	adv, n	little, few	misc02	sukoshi
294		しかし	conj	however, but	misc02	shikashi
362		そうして/そして	conj	and, like that	misc02	soushitesoshite
311		じゃ/じゃあ	conj, int	well, well then	misc02	jiyajiyaa
439		でも	conj, prt	but, however	misc02	demo
372		それでは	exp	in that situation, well then...	misc02	soredeha
610	外	ほか	n	other place, the rest	misc02	hoka
145	外国	がいこく	n	foreign country	misc02	gaikoku
419	次	つぎ	n	next	misc02	tsugi
671	物	もの	n	thing, object	misc02	mono
545	話	はなし	n	talk, story	misc02	hanashi
669	持つ	もつ	u-v	(1) to hold, to carry, (2) to possess	misc02	motsu
146	外国人	がいこくじん	n	foreigner	misc02	gaikokujin
481		ない	adj	there isn't, doesn't have	misc03	nai
367		その	adj-pn	that	misc03	sono
265		この	adj-pn, int	this	misc03	kono
450		どう	adv	how, in what way	misc03	dou
467		とても	adv	very	misc03	totemo
488		なぜ	adv	why	misc03	naze
620		ほんとう	adv	reality, truth	misc03	hontou
633		まだ	adv	yet, still, besides	misc03	mada
670		もっと	adv	more, longer, farther	misc03	motto
693		よく	adv	frequently, often	misc03	yoku
694		よく	adv	well, skillfully	misc03	yoku
632		また	adv, conj, n	again, and	misc04	mata
415		ちょっと	adv, int	a little, somewhat	misc04	chotto
451		どうして	adv, int	why?, for what reason	misc04	doushite
666		もう	adv, int	again	misc04	mou
395		たぶん	adv, n	perhaps, probably	misc04	tabun
402		だんだん	adv, n	gradually, by degrees	misc04	dandan
275		さあ	conj, int	come now,  well	misc04	saa
524		はい	conj, int	yes	misc04	hai
92		ええ	conj, int, n	yes	misc04	ee
437		では	expr	with that...	misc05	deha
1		ああ	int	Ah!, Oh!	misc05	aa
32		あの	int	um...	misc05	ano
44		あれ	int, n	that, that thing	misc05	are
46		いいえ	int, n	no, not at all	misc05	iie
269		これ	int, n	this	misc05	kore
370		それ	n	it, that	misc05	sore
479		どれ	n	which (of three or more)	misc05	dore
581		フィルム	n	film (roll of)	misc05	fuirumu
388		～たち	n-suf	plural suffix	misc05	tachi
491		～など	n, n-suf, prt	et cetera	misc06	nado
76		いろいろ	na-adj, adj-no, adv, n	various	misc06	iroiro
273		こんな	na-adj, adj-pn, adv, n	such, like this	misc06	konna
480		どんな	na-adj, adj-pn, n	what, what kind of	misc06	donna
49		いかが	na-adj, adv, n	how, in what way	misc06	ikaga
380		たいへん	na-adj, adv, n	very	misc06	taihen
636		まっすぐ	na-adj, adv, n	straight (ahead), direct	misc06	matsusugu
31		あの	pren-adj	that over there	misc06	ano
470		どの	pren-adj	which	misc06	dono
384		～だけ	prt	only ～, just ～	misc06	dake
485		～ながら	prt	while ~ing, during, although	misc06	nagara
434		できる	ru-v	to be able to	misc07	dekiru
182		～がる	suf	feel	misc07	garu
333		～すぎ	suf	to exceed, ～ too much	misc07	sugi
338		～ずつ	suf	at a time, gradually	misc07	zutsu
371		それから	uk	and then, after that	misc07	sorekara
607		ほう		way	misc07	hou
360		そう/そうです		appears, to be the case	misc07	sousoudesu
225	曇り	くもり	adv	cloudiness, cloudy weather	nature	kumori
453	動物	どうぶつ	n	animal	nature	doubutsu
682	山	やま	n	mountain	nature	yama
186	川/河	かわ	n	river	nature	kawa
190	木	き	n	tree, wood	nature	ki
53	池	いけ	n	pond	nature	ike
84	海	うみ	n	sea, beach	nature	umi
369	空	そら	n	sky	nature	sora
543	花	はな	n	flower	nature	hana
475	鳥	とり	n	bird	nature	tori
280	咲く	さく	u-v	to bloom	nature	saku
486	鳴く	なく	u-v	to sing (bird), to make sound (animal)	nature	naku
286	寒い	さむい	adj	cold (e.g. weather)	nature weather	samui
23	暑い	あつい	adj	hot, warm	nature weather	atsui
161	傘	かさ	n	umbrella	nature weather	kasa
442	天気	てんき	n	weather	nature weather	tenki
38	雨	あめ	n	rain	nature weather	ame
689	雪	ゆき	n	snow	nature weather	yuki
163	風	かぜ	n	wind, breeze	nature weather	kaze
552	晴れ	はれ	ru-v	clear weather	nature weather	hare
553	晴れる	はれる	ru-v	to be sunny	nature weather	hareru
585	吹く	ふく	u-v	to blow (wind,  etc)	nature weather	fuku
226	曇る	くもる	u-v	to become cloudy, to become dim	nature weather	kumoru
593	降る	ふる	u-v	to precipitate, to fall (e.g. rain)	nature weather	furu
640	万	まん	adv, num	ten thousand, everything	number	man
559	番号	ばんごう	n	number	number	bangou
712	零	れい	n	zero, nought	number	rei
353		ゼロ	n	zero	number	zero
60		いちばん	n-adv	best, first, number one	number	ichiban
556	～番	～ばん	n-adv, n-t	～st/th best	number	ban
58	一	いち	num	one	number	ichi
301	七	しち	num	seven	number	shichi
289	三	さん	num	three	number	san
202	九	きゅう	num	nine	number	kyuu
501	二	に	num	two	number	ni
244	五	ご	num	five	number	go
541	八	はち	num	eight	number	hachi
718	六	ろく	num	six	number	roku
315	十	じゅう	num	ten	number	jiyuu
455	十	とお	num	ten	number	too
291	四	し	num	four	number	shi
574	百	ひゃく	num	100, hundred	number	hyaku
217	九	く	number	nine	number	ku
354	千	せん		thousand, many	number	sen
570	一つ	ひとつ	n	one	number count	hitotsu
492	七つ	ななつ	n	seven	number count	nanatsu
650	三つ	みっつ	n	three	number count	mittsu
256	九つ	ここのつ	n	nine	number count	kokonotsu
587	二つ	ふたつ	n	two	number count	futatsu
64	五つ	いつつ	n	five	number count	itsutsu
697	四つ	よっつ	n	four	number count	yottsu
51		いくつ	n	how many?, how old?	number count	ikutsu
681	八つ	やっつ	num	eight	number count	yattsu
660	六つ	むっつ	num	six	number count	muttsu
656		みんな	adv, n	all, everyone, everybody	people	minna
572	一人	ひとり	n	one person	people	hitori
589	二人	ふたり	n	two people	people	futari
569	人	ひと	n	man, person	people	hito
473	友達	ともだち	n	friend	people	tomodachi
495	名前	なまえ	n	name	people	namae
124	大人	おとな	n	adult	people	otona
102	大勢	おおぜい	n	great number of people	people	oozei
141	女	おんな	n	woman, girl, daughter	people	onna
142	女の子	おんなのこ	n	girl	people	onnanoko
165	方	かた	n	person	people	kata
120	男	おとこ	n	man	people	otoko
121	男の子	おとこのこ	n	boy	people	otokonoko
652	皆さん	みなさん	n	everyone	people	minasan
401	誕生日	たんじょうび	n	birthday	people	tanjiyoubi
399	誰	だれ	n	who	people	dare
400	誰か	だれか	n	someone, somebody	people	dareka
468		どなた	n	who	people	donata
147	会社	かいしゃ	n	company, corporation	people occupation	kaisha
54	医者	いしゃ	n	doctor (medical)	people occupation	isha
157	学生	がくせい	n	student	people occupation	gakusei
348	生徒	せいと	n	pupil	people occupation	seito
708	留学生	りゅうがくせい	n	overseas student	people occupation	ryuugakusei
218	薬	くすり	n	medicine	people occupation	kusuri
235	警官	けいかん	n	policeman	people occupation	keikan
134		おまわりさん	n	policeman (friendly term)	people occupation	omawarisan
661	村	むら	n	village	place	mura
198	喫茶店	きっさてん	n	coffee lounge	place	kitsusaten
375	大使館	たいしかん	n	embassy	place	taishikan
169	学校	がっこう	n	school	place	gakkou
509	庭	にわ	n	garden	place	niwa
391	建物	たてもの	n	building	place	tatemono
462	所	ところ	n	place	place	tokoro
241	玄関	げんかん	n	entrance-way, entry hall	place	genkan
634	町	まち	n	town, city	place	machi
603	辺	へん	n	area, vicinity	place	hen
323	食堂	しょくどう	n	cafeteria, dining hall	place	shokudou
583		プール	n	swimming pool	place	pu_ru
613		ポスト	n	post	place	posuto
33		アパート	n, adv	apartment (abbr)	place	apa_to
646	店	みせ	n, n-suf	store, shop, establishment	place	mise
672	門	もん	n, n-suf	gate	place	mon
247	交差点	こうさてん	n	intersection	place city	kousaten
249	交番	こうばん	n	police box	place city	kouban
246	公園	こうえん	n	(public) park	place city	kouen
464	図書館	としょかん	n	library	place city	toshokan
408	地下鉄	ちかてつ	n	underground train, subway	place city	chikatetsu
374	大学	だいがく	n	university	place city	daigaku
531	橋	はし	n	bridge	place city	hashi
575	病院	びょういん	n	hospital	place city	byouin
648	道	みち	n	road, street	place city	michi
686	郵便局	ゆうびんきょく	n	post office	place city	yuubinkyoku
215	銀行	ぎんこう	n	bank	place city	ginkou
93	駅	えき	n	station	place city	eki
438		デパート	n	department store	place city	depa_to
616		ホテル	n	hotel	place city	hoteru
99	多い	おおい	adj	many	quantity	ooi
334	少ない	すくない	adj	a few, scarce	quantity	sukunai
52		いくら	adv, n	how much?, how many?	quantity	ikura
414		ちょうど	gn	just, right, exactly	quantity	choudo
385		たくさん	na-adj, adv, n	many, a lot, much	quantity	takusan
37		あまり	na-adj, adv, n, n-suf	not very, not much	quantity	amari
228		～くらい/ぐらい	suf	approximate (quantity)	quantity	kuraigurai
678	安い	やすい	adj	cheap, inexpensive	shop	yasui
383	高い	たかい	adj	expensive	shop	takai
95	～円	～えん	n	yen (currency)	shop	en
105	お金	おかね	n	money	shop	okane
675	八百屋	やおや	n	greengrocer	shop	yaoya
674	屋	～や	n	～ shop	shop	ya
149	買い物	かいもの	n	shopping	shop	kaimono
85	売る	うる	u-v	to sell	shop	uru
150	買う	かう	u-v	to buy	shop	kau
641	万年筆	まんねんひつ	n	fountain pen	stationery	mannenhitsu
199	切手	きって	n	stamp (eg. postage)	stationery	kitte
582	封筒	ふうとう	n	envelope	stationery	fuutou
433	手紙	てがみ	n	letter	stationery	tegami
176	紙	かみ	n	paper	stationery	kami
528	葉書	はがき	n	postcard	stationery	hagaki
96	鉛筆	えんぴつ	n	pencil	stationery	enpitsu
517		ノート	n	notebook, exercise book	stationery	no_to
604		ペン	n	pen	stationery	pen
609		ボールペン	n	ball-point pen	stationery	bo_rupen
677	易しい	やさしい	adj	easy, plain, simple	study	yasashii
659	難しい	むずかしい	adj	difficult	study	muzukashii
281	作文	さくぶん	n	composition, writing	study	sakubun
673	問題	もんだい	n	problem, question	study	mondai
306	字引	じびき	n	dictionary	study	jibiki
319	宿題	しゅくだい	n	homework	study	shukudai
577	平仮名	ひらがな	n	hiragana	study	hiragana
617	本	ほん	n	book	study	hon
189	漢字	かんじ	n	kanji, Chinese character	study	kanji
167	片仮名	かたかな	n	katakana	study	katakana
91	英語	えいご	n	the English language	study	eigo
263	言葉	ことば	n	word	study	kotoba
298	辞書	じしょ	n	dictionary	study	jisho
598		ページ	n	page	study	pe_ji
245	～語	～ご	n, n-suf	word, language	study	go
605	勉強	べんきょう（する）	n, vs	study, diligence	study	benkyousuru
68	意味	いみ	n, vs	meaning	study	imi
302	質問	しつもん	n, vs	question, inquiry	study	shitsumon
722	忘れる	わすれる	ru-v	to forget	study verbs	wasureru
258	答える	こたえる	ru-v	to answer, to reply	study verbs	kotaeru
133	覚える	おぼえる	ru-v	to remember, to memorize	study verbs	oboeru
597	文章	ぶんしょう	suf	sentence, text	study verbs	bunshou
721	分かる	わかる	u-v	to understand	study verbs	wakaru
156	書く	かく	u-v	to write	study verbs	kaku
324	知る	しる	u-v	to know, to understand	study verbs	shiru
496	習う	ならう	u-v	to learn	study verbs	narau
59	一日	いちにち	n	1 day (duration)	time	ichinichi
295	時間	じかん	n-adv, n	time	time	jikan
201	昨日	きのう	n-adv, n-t	yesterday	time	kinou
625	毎日	まいにち	n-adv, n-t	every day	time	mainichi
14		あさって	n-adv, n-t	day after tomorrow	time	asatte
122		おととい	n-adv, n-t	day before yesterday	time	ototoi
270		～ころ/～ごろ	n-suf	about, approximately (time)	time	korogoro
205	今日	きょう	n-t	today, this day	time	kyou
16		あした	n-t	tomorrow	time	ashita
458	～時	～とき	adv, n	at the time of ～	time clock	toki
257	午前	ごぜん	n-adv, n-t	morning, A.M.	time clock	gozen
254	午後	ごご	n-adv, n-t	afternoon, P.M.	time clock	gogo
596	～分	～ふん	suf	～minutes	time clock	fun
292	～時	～じ	suf	time (～ O'clock)	time clock	ji
296	～時間	～じかん	suf	～hours	time clock	jikan
700	夜	よる	n	evening, night	time day	yoru
687	昨夜	ゆうべ	n	last night	time day	yuube
274	今晩	こんばん	n-adv, n-t	tonight, this evening	time day	konban
684	夕方	ゆうがた	n-adv, n-t	evening	time day	yuugata
578	昼	ひる	n-adv, n-t	noon, daytime	time day	hiru
555	晩	ばん	n-adv, n-t	evening	time day	ban
12	朝	あさ	n-adv, n-t	morning	time day	asa
627	毎晩	まいばん	n-adv, n-t	every night	time day	maiban
622	毎朝	まいあさ	n-adv, n-t	every morning	time day	maiasa
236	今朝	けさ	n-temp	this morning	time day	kesa
416	一日	ついたち	n	for one day, first of month	time month day	tsuitachi
649	三日	みっか	n	three days, the third day (of the month)	time month day	mikka
542	二十日	はつか	n	twenty days, twentieth (day of the month)	time month day	hatsuka
590	二日	ふつか	n	second day of the month, two days	time month day	futsuka
62	五日	いつか	n	five days, the fifth day (of the month)	time month day	itsuka
691	八日	ようか	n	eight days, the eighth (day of the month)	time month day	youka
696	四日	よっか	n	(1) 4th day of month, (2) four days	time month day	yokka
494	七日	なのか	n-adv	seven days, the seventh day (of the month)	time month day	nanoka
623	毎月	まいげつ/まいつき	n-adv, n	every month, monthly	time month	maigetsumaitsuki
271	今月	こんげつ	n-adv, n-t	this month	time month	kongetsu
355	先月	せんげつ	n-adv, n-t	last month	time month	sengetsu
702	来月	らいげつ	n-adv, n-t	next month	time month	raigetsu
158	～か月	～かげつ	suf	(number of) months	time month	kagetsu
168	～月	～がつ	suf	month of year	time month	gatsu
505	～日	～にち		～ day of the month, for ～ days	time month	nichi
571	一月	ひとつき		one month	time month	hitotsuki
255	九日	ここのか		nine days, the ninth day (of the month)	time month	kokonoka
657	六日	むいか		six days, sixth (day of month)	time month	muika
457	十日	とおか		ten days, the tenth (day of the month)	time month	tooka
490	夏休み	なつやすみ	n	summer vacation, summer holiday	time season	natsuyasumi
8	秋	あき	n-adv	autumn, fall	time season	aki
592	冬	ふゆ	n-adv, n-t	winter	time season	fuyu
489	夏	なつ	n-adv, n-t	summer	time season	natsu
550	春	はる	n-adv, n-t	spring	time season	haru
474	土曜日	どようび	n-adv, n	Saturday	time week	doyoubi
506	日曜日	にちようび	n-adv, n	Sunday	time week	nichiyoubi
240	月曜日	げつようび	n-adv, n	Monday	time week	getsuyoubi
667	木曜日	もくようび	n-adv, n	Thursday	time week	mokuyoubi
329	水曜日	すいようび	n-adv, n	Wednesday	time week	suiyoubi
178	火曜日	かようび	n-adv, n	Tuesday	time week	kayoubi
216	金曜日	きんようび	n-adv, n	Friday	time week	kinyoubi
272	今週	こんしゅう	n-adv, n-t	this week	time week	konshuu
356	先週	せんしゅう	n-adv, n-t	last week, the week before	time week	senshuu
624	毎週	まいしゅう	n-adv, n-t	every week	time week	maishuu
317	～週間	～しゅうかん	suf	～weeks	time week	shuukan
703	来週	らいしゅう		next week	time week	raishuu
539	二十歳	はたち	n	20 years old, 20th year	time year	hatachi
463	年	とし	n	year, age	time year	toshi
287	さ来年	さらいねん	n-adv, n-t	year after next	time year	sarainen
262	今年	ことし	n-adv, n-t	this year	time year	kotoshi
208	去年	きょねん	n-adv, n-t	last year	time year	kyonen
704	来年	らいねん	n-adv, n-t	next year	time year	rainen
123		おととし	n-adv, n-t	year before last	time year	ototoshi
626	毎年	まいねん/まいとし	n-t	every year, annually	time year	mainenmaitoshi
276	～歳	～さい	suf	～years-old	time year	sai
516	～年	～ねん		～ years	time year	nen
71	入口	いりぐち	n	entrance, gate	transport	iriguchi
435	出口	でぐち	n	exit	transport	deguchi
200	切符	きっぷ	n	ticket	transport	kippu
304	自動車	じどうしゃ	n	automobile	transport	jidousha
303	自転車	じてんしゃ	n	bicycle	transport	jitensha
507	荷物	にもつ	n	luggage	transport	nimotsu
232	車	くるま	n	car, vehicle	transport	kuruma
444	電車	でんしゃ	n	electric train	transport	densha
567	飛行機	ひこうき	n	aeroplane, airplane	transport	hikouki
94		エレベーター	n	elevator	transport	erebe_ta_
386		タクシー	n	taxi	transport	takushi_
537		バス	n	bus	transport	basu
290	散歩	さんぽ（する）	n, vs	walk, stroll	transport	sanposuru
711	旅行	りょこう	n, vs	travel, trip	transport	ryokou
432	出かける	でかける	ru-v	to depart, to go out	transport verb	dekakeru
440	出る	でる	ru-v	to appear, to leave	transport verb	deru
193	消える	きえる	ru-v	to go out, to vanish	transport verb	kieru
138	降りる	おりる	ru-v	to alight (eg from bus), to get off	transport verb	oriru
521	乗る	のる	u-v	to get on, to ride in, to board	transport verb	noru
527	入る	はいる	u-v	to enter, to contain, to hold	transport verb	hairu
152	帰る	かえる	u-v	to go home, to return	transport verb	kaeru
43	歩く	あるく	u-v	to walk	transport verb	aruku
518	登る	のぼる	u-v	to climb	transport verb	noboru
420	着く	つく	u-v	to arrive at, to reach	transport verb	tsuku
50	行く	いく/ゆく	u-v	to go	transport verb	ikuyuku
536	走る	はしる	u-v	to run	transport verb	hashiru
471	飛ぶ	とぶ	u-v	to fly, to hop	transport verb	tobu
231	来る	くる	vk	to come	transport verb	kuru
2	会う	あう	u-v	to meet, to see	verb01	au
343	住む	すむ	u-v	to reside, to live in	verb01	sumu
72	居る	いる	u-v	(hum) to be (animate), to exist	verb01	iru
635	待つ	まつ	u-v	to wait	verb01	matsu
47	言う	いう	u-v	to say	verb01	iu
546	話す	はなす	u-v	to speak	verb01	hanasu
683		やる	u-v	to do	verb01	yaru
41		ある [存在]	u-v-i	to be	verb01	aru
42		ある [所有]	u-v-i	to have	verb01	aru
345		する	vs-i	to do, to try	verb01	suru
10	開ける	あける	ru-v	to open	verb02	akeru
309	閉める	しめる	ru-v, vt	to close, to shut	verb02	shimeru
423		つける	ru-v, vt	to turn on (eg a light)	verb02	tsukeru
417	使う	つかう	u-v	to use	verb02	tsukau
477	取る	とる	u-v	to take	verb02	toru
564	引く	ひく	u-v	to pull	verb02	hiku
533	始まる	はじまる	u-v, vi	to begin	verb02	hajimaru
308	閉まる	しまる	u-v, vi	to close, to be closed	verb02	shimaru
9	開く	あく	u-v, vi	to open, to become open	verb02	aku
114	押す	おす	u-v, vt	to push, to press	verb02	osu
267		コピー・する	n, p-suru	to copy	verb03	kopi_suru
11	上げる	あげる	ru-v	to give	verb03	ageru
181	借りる	かりる	ru-v	to borrow, to have a loan	verb03	kariru
74	入れる	いれる	ru-v	to put in	verb03	ireru
268	困る	こまる	u-v	to be worried, to be bothered	verb03	komaru
282	差す	さす	u-v	to raise (stretch out) hands, to raise (eg umbrella)	verb03	sasu
346	座る	すわる	u-v	to sit	verb03	suwaru
237	消す	けす	u-v	to erase, to delete, to turn off power	verb03	kesu
139	終る	おわる	u-v	to finish, to close	verb03	owaru
107	置く	おく	u-v	to put, to place	verb03	oku
73	要る	いる	u-v	to need	verb03	iru
162	貸す	かす	u-v	to lend	verb03	kasu
154		かかる	u-v, vi	to take (eg time,  money)	verb03	kakaru
151	返す	かえす	u-v, vt	to return something	verb03	kaesu
716	練習	れんしゅう（する）	n, vs	(to) practice	verb04	renshuusuru
418	疲れる	つかれる	ru-v	to get tired, to tire	verb04	tsukareru
498	並べる	ならべる	ru-v, vt	to line up, to set up	verb04	naraberu
422	作る	つくる	u-v	to make, to create	verb04	tsukuru
387	出す	だす	u-v	to put out, to send	verb04	dasu
630	曲る	まがる	u-v	to turn, to bend	verb04	magaru
472	止まる	とまる	u-v	to come to a halt	verb04	tomaru
725	渡す	わたす	u-v	to pass over, to hand over	verb04	watasu
726	渡る	わたる	u-v	to cross over, to go across	verb04	wataru
487	無くす	なくす	u-v	to lose something	verb04	nakusu
389	立つ	たつ	u-v	to stand	verb04	tatsu
551	貼る	はる	u-v	to stick, to paste	verb04	haru
406	違う	ちがう	u-v	to differ (from)	verb04	chigau
499		なる	u-v	to become	verb04	naru
497	並ぶ	ならぶ	u-v, vi	to line up, to stand in a line	verb04	narabu
27	後	あと	adj-no, n	afterwards, since then, in the future	when	ato
279	先	さき	adj-no, n, n-suf, pref	the future, former, previous	when	saki
335		すぐ・に	adv	immediately, instantly	when	suguni
665		もう	adv, int	already	when	mou
535	初めて	はじめて	adv, n	for the first time	when	hajimete
459	時々	ときどき	adv, n	sometimes	when	tokidoki
65		いつも	adv, n	always, every time	when	itsumo
61		いつ	gn-adv	when	when	itsu
316	～中	～じゅう	suf	during, while	when	jiyuu
413	～中	～ちゅう	suf	during, while ～ing	when	chuu
67	今	いま		now	when	ima
300	下	した	n	under, below, beneath	where01	shita
483	中	なか	n	inside, middle, among	where01	naka
643	右	みぎ	n	right hand side	where01	migi
658	向こう	むこう	n	beyond, over there	where01	mukou
366	外	そと	n	outside,  exterior	where01	soto
568	左	ひだり	n	left hand side	where01	hidari
78	後ろ	うしろ	n	behind, rear	where01	ushiro
695	横	よこ	n	beside, side, width	where01	yoko
469	隣	となり	n	next to, next door to	where01	tonari
407	近く	ちかく	n-adv, n	near	where01	chikaku
628	前	まえ	n-adv, n-t, suf	before, in front	where01	mae
77	上	うえ	no-adj, n-adv, n, n-suf	above, on top of	where01	ue
629	～前	～まえ	suf	in front of ～	where01	mae
17		あそこ	n	there, over there, that place	where02	asoko
22		あちら	n	there, yonder, that	where02	achira
253		ここ	n	here, this place	where02	koko
259		こちら	n	this eg person,  way	where02	kochira
260		こっち	n	this eg person,  way	where02	kocchi
363		そこ	n	that place, there	where02	soko
364		そちら	n	over there	where02	sochira
365		そっち	n	over there	where02	socchi
368		そば	n	near, close, beside	where02	soba
461		どこ	n	where, what place	where02	doko
465		どちら	n	which, which way	where02	dochira
466		どっち	n	which one, which way	where02	docchi
26		あっち	n col	over there	where02	acchi
562	東	ひがし	n	east	where03	higashi
504	西	にし	n	west	where03	nishi
653	南	みなみ	n, vs	South, proceeding south	where03	minami
195	北	きた		north	where03	kita
56	忙しい	いそがしい	adj	busy, irritated	work	isogashii
297	仕事	しごと	adj-no, n	work, occupation, employment	work	shigoto
679	休み	やすみ	n	rest, vacation, holiday	work	yasumi
573	暇	ひま	na-adj, n	free time, leisure	work	hima
424	勤める	つとめる	ru-v	to serve, to work (for)	work	tsutomeru
540	働く	はたらく	u-v	to work	work	hataraku
680	休む	やすむ	u-v, vi	to rest, to have a break, to take a day off	work	yasumu
